{
    "name": "root",
    "metadata": {
        "timer_format_version": "0.1.0",
        "start_time_seconds": "1643641843",
        "python_version": "3.7.11 (default, Jul 27 2021, 09:42:29) [MSC v.1916 64 bit (AMD64)]",
        "command_line_arguments": "C:\\Users\\simon\\anaconda3\\envs\\mlagents-r8\\Scripts\\mlagents-learn --force",
        "mlagents_version": "0.27.0",
        "mlagents_envs_version": "0.27.0",
        "communication_protocol_version": "1.5.0",
        "pytorch_version": "1.7.1+cu110",
        "numpy_version": "1.21.5",
        "end_time_seconds": "1643642931"
    },
    "total": 1094.3744901,
    "count": 1,
    "self": 0.012333100000205377,
    "children": {
        "run_training.setup": {
            "total": 0.36379209999999995,
            "count": 1,
            "self": 0.36379209999999995
        },
        "TrainerController.start_learning": {
            "total": 1093.9983648999998,
            "count": 1,
            "self": 0.2485888999992767,
            "children": {
                "TrainerController._reset_env": {
                    "total": 30.8523749,
                    "count": 1,
                    "self": 30.8523749
                },
                "TrainerController.advance": {
                    "total": 1062.4408948000005,
                    "count": 5451,
                    "self": 0.2705238000007739,
                    "children": {
                        "env_step": {
                            "total": 1060.7015119999999,
                            "count": 5451,
                            "self": 1028.0295474000002,
                            "children": {
                                "SubprocessEnvManager._take_step": {
                                    "total": 32.51680009999977,
                                    "count": 5451,
                                    "self": 0.7299581999992668,
                                    "children": {
                                        "TorchPolicy.evaluate": {
                                            "total": 31.786841900000503,
                                            "count": 5451,
                                            "self": 8.423604800000525,
                                            "children": {
                                                "TorchPolicy.sample_actions": {
                                                    "total": 23.363237099999978,
                                                    "count": 5451,
                                                    "self": 23.363237099999978
                                                }
                                            }
                                        }
                                    }
                                },
                                "workers": {
                                    "total": 0.15516449999984872,
                                    "count": 5450,
                                    "self": 0.0,
                                    "children": {
                                        "worker_root": {
                                            "total": 125.73030930000021,
                                            "count": 5450,
                                            "is_parallel": true,
                                            "self": 50.85642990000092,
                                            "children": {
                                                "steps_from_proto": {
                                                    "total": 0.007829500000003264,
                                                    "count": 1,
                                                    "is_parallel": true,
                                                    "self": 0.002528900000005052,
                                                    "children": {
                                                        "_process_rank_one_or_two_observation": {
                                                            "total": 0.005300599999998212,
                                                            "count": 2,
                                                            "is_parallel": true,
                                                            "self": 0.005300599999998212
                                                        }
                                                    }
                                                },
                                                "UnityEnvironment.step": {
                                                    "total": 74.8660498999993,
                                                    "count": 5450,
                                                    "is_parallel": true,
                                                    "self": 1.2451565999991487,
                                                    "children": {
                                                        "UnityEnvironment._generate_step_input": {
                                                            "total": 0.8874274999993688,
                                                            "count": 5450,
                                                            "is_parallel": true,
                                                            "self": 0.8874274999993688
                                                        },
                                                        "communicator.exchange": {
                                                            "total": 68.53576269999999,
                                                            "count": 5450,
                                                            "is_parallel": true,
                                                            "self": 68.53576269999999
                                                        },
                                                        "steps_from_proto": {
                                                            "total": 4.197703100000773,
                                                            "count": 5450,
                                                            "is_parallel": true,
                                                            "self": 2.802786800000362,
                                                            "children": {
                                                                "_process_rank_one_or_two_observation": {
                                                                    "total": 1.3949163000004106,
                                                                    "count": 10900,
                                                                    "is_parallel": true,
                                                                    "self": 1.3949163000004106
                                                                }
                                                            }
                                                        }
                                                    }
                                                }
                                            }
                                        }
                                    }
                                }
                            }
                        },
                        "trainer_advance": {
                            "total": 1.468858999999739,
                            "count": 5450,
                            "self": 0.30417120000035425,
                            "children": {
                                "process_trajectory": {
                                    "total": 1.1646877999993848,
                                    "count": 5450,
                                    "self": 1.1646877999993848
                                }
                            }
                        }
                    }
                },